<?xml version="1.0"?>
<launch>
  <arg name="pacmod_param_path" default="$(find-pkg-share pacmod_interface)/config/pacmod.param.yaml"/>
  <arg name="pacmod_extra_param_path" default="$(find-pkg-share pacmod_interface)/config/pacmod_extra.param.yaml"/>
  <arg name="pacmod_diag_publisher_param_path" default="$(find-pkg-share pacmod_interface)/config/pacmod_diag_publisher.param.yaml"/>

  <!-- vehicle info -->
  <arg name="vehicle_info_param_file" default="$(find-pkg-share vehicle_info_util)/config/vehicle_info.param.yaml"/>

  <!-- pacmod interface -->
  <node pkg="pacmod_interface" exec="pacmod_interface" name="pacmod_interface" output="screen">
    <param from="$(var pacmod_param_path)"/>
    <param from="$(var vehicle_info_param_file)"/>
    <remap from="input/control_mode_request" to="/control/control_mode_request"/>
  </node>

  <!-- pacmod diagnostics publisher -->
  <node pkg="pacmod_interface" exec="pacmod_diag_publisher" name="pacmod_diag_publisher" output="screen">
    <param from="$(var pacmod_diag_publisher_param_path)"/>
  </node>

  <!-- pacmod additional parameter changer -->
  <node pkg="pacmod_interface" exec="pacmod_dynamic_parameter_changer" name="pacmod_dynamic_parameter_changer" output="screen">
    <param from="$(var pacmod_extra_param_path)"/>
    <remap from="~/output/can" to="/pacmod/to_can_bus"/>
    <remap from="~/input/steer_rpt" to="/pacmod/steering_rpt"/>
  </node>
</launch>
