<?xml version="1.0" encoding="UTF-8"?>
<launch>
  <arg name="vehicle_id" default="$(env VEHICLE_ID default)"/>
 
   <!-- Launch simulator and load vehicle model -->
  <include file="$(find-pkg-share dataspeed_dbw_gazebo)/launch/dataspeed_dbw_gazebo.launch.xml" >
    <arg name="use_camera_control" value="true" />
    <arg name="sim_param_file" value="$(find-pkg-share ds_autonomy_sim_demo)/config/sim_params.yaml" />
    <arg name="headless" value="False" />
  </include>
 
  <!-- Node that publishes system enable and DBW enable signals -->
  <node pkg="ds_autonomy_sim_demo" exec="sys_enable.py" output="screen" >
    <param name="use_sim_time" value="True" />
  </node>

  <!-- Vehicle Interface Parm--> 
  <arg name="vehicle_name" default="vehicle" />
  <include file="$(find-pkg-share beliv_vehicle_interface)/launch/dbw.launch.xml" >
    <arg name="live" value="false" />
    <arg name="load_urdf" value="false" />
    <arg name="can_ns" value="can_bus_dbw" />
    <arg name="vehicle_ns" value="$(var vehicle_name)" />
    <arg name="ackermann_wheelbase" value="2.98" />
    <arg name="steering_ratio" value="14.6" />
  </include>
  
  <!--Beliv Vehcile Interface-->
  <node pkg="beliv_vehicle_interface" exec="beliv_veh_interface" output="screen" >
  </node>
  
</launch>
