<?xml version="1.0"?>
<launch>
    <arg name="playback" default="false" />

    <!-- URDF model -->
    <include file="$(find-pkg-share asu)/launch/robot_state_publisher.launch.py">
        <arg name="use_sim_time" value="false" />
        <arg name="urdf_path" value="$(find-pkg-share asu)/urdf/mache.urdf" />
    </include>

    <!-- USB/CAN Interface -->
    <node unless="false" pkg="dataspeed_can_usb" exec="can_node" output="screen">
        <remap from="can_bus_1/can_rx" to="/radar/can_rx"/>
        <remap from="can_bus_1/can_tx" to="/radar/can_tx"/>
        <remap from="can_bus_1/can_err" to="/radar/can_err"/>
        <param name="bitrate_1" value="500000" />
        <remap from="can_bus_3/can_rx" to="/can_bus_dbw/can_rx"/>
        <remap from="can_bus_3/can_tx" to="/can_bus_dbw/can_tx"/>
        <remap from="can_bus_3/can_err" to="/can_bus_dbw/can_err"/>
        <param name="bitrate_3" value="500000" />
        <!-- SID 0x060 to 0x07F -->
        <param name="channel_3_mask_0"  value="0x800007E0" />
        <param name="channel_3_match_0" value="0x00000060" />
    </node>

    <!-- DBW Interface -->
    <arg name="ackermann_wheelbase" default="2.98"/>
    <arg name="ackermann_track"     default="1.73"/>
    <arg name="steering_ratio"      default="14.6"/>
    <group>
        <push-ros-namespace namespace="vehicle" />
        <node pkg="dbw_ford_can" exec="dbw_node" output="screen">
            <remap from="can_rx" to="/can_bus_dbw/can_rx"/>
            <remap from="can_tx" to="/can_bus_dbw/can_tx"/>
            <param name="frame_id" value="base_footprint" />
            <param name="warn_cmds" value="true" />
            <param name="pedal_luts" value="false" />
            <param name="buttons" value="true" />
            <param name="ackermann_wheelbase" value="$(var ackermann_wheelbase)" />
            <param name="ackermann_track" value="$(var ackermann_track)" />
            <param name="steering_ratio" value="$(var steering_ratio)" />
            <param name="joint_states" value="false" />
        </node>
        <node pkg="dataspeed_dbw_gateway" exec="ford_gateway" output="screen">
        </node>
        <node pkg="dataspeed_ulc_can" exec="ulc_node" output="screen">
            <remap from="can_rx" to="/can_bus_dbw/can_rx"/>
            <remap from="can_tx" to="/can_bus_dbw/can_tx"/>
        </node>
    </group>

    <!-- Continental RADAR -->
    <group>
        <push-ros-namespace namespace="radar" />
        <node unless="false" pkg="conti_radar_can" exec="conti_radar_can_node" name="conti_radar_can" output="screen">
            <param name="radar_name" value="radar" />
            <param name="send_speed" value="true" />
            <remap from="twist" to="/vehicle/twist" />
        </node>
    </group>

    <!-- Camera -->
    <node unless="false" name="gst_rgb" pkg="ds_video_gst" exec="ds_video_gst_node" output="screen">
        <param name="pipeline" value='aravissrc camera-name="Lucid Vision Labs-TRI032S-C-230300643" do-timestamp=true
        ! video/x-bayer,format=rggb,width=2048,height=1536,framerate=30/1
        ! bayer2rgb
        ! cameraundistort
        ! videoconvert ! video/x-raw,format=RGB
        ! queue max-size-buffers=3 leaky=downstream
        ! appsink' />
        <param name="camera_info_pkg" value="asu" />
        <param name="camera_info_yaml" value="camera_intrinsics/camera_info.yaml" />
        <param name="frame_id" value="camera" />
        <param name="image_topic" value="image_rect" />
        <param name="video_topic" value="encoded" />
        <param name="target_fd" value="33.333" />
    </node>

    <!-- OxTS GPS -->
    <include file="$(find-pkg-share asu)/launch/oxts_driver.launch.py">
        <arg name="playback" value="false" />
        <arg name="unit_ip" value="192.168.0.3" />
        <arg name="topic_prefix" value="oxts" />
        <arg name="param_file" value="$(find-pkg-share asu)/config/oxts_params.yaml" />
    </include>

    <!-- Front-left Ouster LIDAR -->
    <include file="$(find-pkg-share asu)/launch/ouster_driver.launch.py">
        <arg name="playback" value="false" />
        <arg name="frame_id" value="lidar1" />
        <arg name="lidar_hostname" value="192.168.0.4" />
        <arg name="lidar_port" value="7502" />
        <arg name="imu_port" value="7503" />
    </include>

    <!-- Rear-right Ouster LIDAR -->
    <include file="$(find-pkg-share asu)/launch/ouster_driver.launch.py">
        <arg name="playback" value="false" />
        <arg name="frame_id" value="lidar2" />
        <arg name="lidar_hostname" value="192.168.0.5" />
        <arg name="lidar_port" value="7504" />
        <arg name="imu_port" value="7505" />
    </include>

</launch>
