<?xml version='1.0' encoding='UTF-8'?>
<root version="2.3.8">
 <tabbed_widget parent="main_window" name="Main Window">
  <Tab tab_name="tab1" containers="1">
   <Container>
    <DockSplitter sizes="1" orientation="-" count="1">
     <DockArea name="...">
      <plot style="Lines" mode="TimeSeries">
       <range top="0.162975" left="0.000000" right="46.486256" bottom="-0.003975"/>
       <limitY/>
       <curve color="#1f77b4" name="/pacmod/brake_rpt/command"/>
       <curve color="#d62728" name="/pacmod/brake_rpt/output"/>
      </plot>
     </DockArea>
    </DockSplitter>
   </Container>
  </Tab>
  <currentTabIndex index="0"/>
 </tabbed_widget>
 <use_relative_time_offset enabled="1"/>
 <!-- - - - - - - - - - - - - - - -->
 <!-- - - - - - - - - - - - - - - -->
 <Plugins>
  <plugin ID="DataLoad CSV">
   <default time_axis=""/>
  </plugin>
  <plugin ID="DataLoad ROS2 bags">
   <use_header_stamp value="false"/>
   <discard_large_arrays value="true"/>
   <max_array_size value="100"/>
  </plugin>
  <plugin ID="DataLoad ULog"/>
  <plugin ID="ROS2 Topic Subscriber">
   <use_header_stamp value="false"/>
   <discard_large_arrays value="false"/>
   <max_array_size value="true"/>
   <selected_topics>
    <topic name="/pacmod/brake_rpt"/>
   </selected_topics>
  </plugin>
  <plugin ID="UDP Server"/>
  <plugin ID="WebSocket Server"/>
  <plugin ID="ZMQ Subscriber"/>
  <plugin status="idle" ID="CSV Exporter"/>
  <plugin status="idle" ID="ROS2 Topic Re-Publisher"/>
 </Plugins>
 <!-- - - - - - - - - - - - - - - -->
 <previouslyLoaded_Datafiles/>
 <previouslyLoaded_Streamer name="ROS2 Topic Subscriber"/>
 <!-- - - - - - - - - - - - - - - -->
 <customMathEquations/>
 <snippets/>
 <!-- - - - - - - - - - - - - - - -->
</root>
