<?xml version="1.0"?>
<launch>
  <arg name="live" default="true" />
  <arg name="load_urdf" default="true" />
  <arg name="ulc" default="true" />
  <arg name="vehicle_ns" default="vehicle" />
  <arg name="can_ns" default="/can_bus_dbw" />

  <!-- CAN Bus Hardware -->
  <arg name="filter_can" default="true" />
  <arg name="dataspeed_can" default="true" />
  <arg name="socketcan" default="false" />
  <arg name="socketcan_dev" default="can0" />
  <group if="$(var live)">
    <group if="$(var filter_can)">
      <node if="$(var dataspeed_can)" pkg="dataspeed_can_usb" exec="can_node" output="screen">
        <remap from="can_bus_3/can_rx" to="$(var can_ns)/can_rx"/>
        <remap from="can_bus_3/can_tx" to="$(var can_ns)/can_tx"/>
        <remap from="can_bus_3/can_err" to="$(var can_ns)/can_err"/>
        <param name="bitrate_3" value="500000" />
        <!-- SID 0x060 to 0x07F -->
        <param name="channel_3_mask_0"  value="0x800007E0" />
        <param name="channel_3_match_0" value="0x00000060" />
      </node>
    </group>
    <group unless="$(var filter_can)">
      <node if="$(var dataspeed_can)" pkg="dataspeed_can_usb" exec="can_node" output="screen">
        <remap from="can_bus_3/can_rx" to="$(var can_ns)/can_rx"/>
        <remap from="can_bus_3/can_tx" to="$(var can_ns)/can_tx"/>
        <remap from="can_bus_3/can_err" to="$(var can_ns)/can_err"/>
        <param name="bitrate_3" value="500000" />
      </node>
    </group>
    <include if="$(var socketcan)" file="$(find-pkg-share dataspeed_dbw_common)/launch/socket_can_receiver.launch.py" >
      <arg name="interface" value="$(var socketcan_dev)" />
      <arg name="topic" value="$(var can_ns)/can_rx" />
    </include>
    <include if="$(var socketcan)" file="$(find-pkg-share dataspeed_dbw_common)/launch/socket_can_sender.launch.py" >
      <arg name="interface" value="$(var socketcan_dev)" />
      <arg name="topic" value="$(var can_ns)/can_tx" />
    </include>
  </group>

  <!-- Vehicle Interface -->
  <arg name="frame_id" default="base_footprint"/>
  <arg name="warn_cmds" default="true"/>
  <arg name="buttons" default="true"/>
  <arg name="pedal_luts"    default="false"/>
  <arg name="ackermann_wheelbase" default="2.8498"/>
  <arg name="ackermann_track"     default="1.5824"/>
  <arg name="steering_ratio"      default="14.8"/>
  <group>
    <push-ros-namespace namespace="$(var vehicle_ns)" />
    <node pkg="dbw_ford_can" exec="dbw_node" output="screen">
      <remap from="can_rx" to="$(var can_ns)/can_rx"/>
      <remap from="can_tx" to="$(var can_ns)/can_tx"/>
      <param name="frame_id" value="$(var frame_id)" />
      <param name="warn_cmds" value="$(var warn_cmds)" />
      <param name="pedal_luts" value="$(var pedal_luts)" />
      <param name="buttons" value="$(var buttons)" />
      <param name="ackermann_wheelbase" value="$(var ackermann_wheelbase)" />
      <param name="ackermann_track" value="$(var ackermann_track)" />
      <param name="steering_ratio" value="$(var steering_ratio)" />
      <param name="joint_states" value="$(var load_urdf)" />
    </node>
    <node pkg="dataspeed_dbw_gateway" exec="ford_gateway" output="screen">
    </node>
    <node if="$(var ulc)" pkg="dataspeed_ulc_can" exec="ulc_node" output="screen">
      <remap from="can_rx" to="$(var can_ns)/can_rx"/>
      <remap from="can_tx" to="$(var can_ns)/can_tx"/>
    </node>
    <include if="$(var load_urdf)" file="$(find-pkg-share dbw_ford_description)/launch/mkz.launch.xml" />
  </group>

</launch>
